--qUiE6EdxI,0,10,"/m/01d3sd,/m/09x0r"
-0bxym-fj54,20,30,/m/01d3sd
-5DpdEq9PE4,1,11,"/m/01d3sd,/m/04rlf"
-7xDzCwyAco,30,40,/m/01d3sd
-81GPDp9IQY,20,30,/m/01d3sd
-8HCidJbNh0,30,40,/m/01d3sd
-8Vvk15NwpE,0,10,"/m/01d3sd,/m/01yrx,/m/068hy,/m/0jbk"
-8flXZsAQNQ,10,20,/m/01d3sd
-DXG89UqVWQ,12,22,"/m/01d3sd,/m/09x0r"
-DexfVugZDE,0,7,/m/01d3sd
-DshBX43_CQ,20,30,/m/01d3sd
-EIdfugK_-w,30,40,/m/01d3sd
-EpockXx9zo,30,40,"/m/01d3sd,/m/09x0r"
-F2iVXnr4Bo,30,40,"/m/01d3sd,/m/09x0r"
-Ga7uvj-Q9s,50,60,"/m/01d3sd,/m/09x0r"
-HCxERW__4g,30,40,/m/01d3sd
-JMbh-I6GnU,120,130,/m/01d3sd
-JkrTSPUcnM,30,40,"/m/01d3sd,/m/09x0r"
-MuXk5jkTNw,28,38,/m/01d3sd
-NAudeSqwWc,30,40,"/m/01d3sd,/m/09x0r"
-NbQtU6kHDQ,30,40,"/m/01d3sd,/m/07jdr,/m/07yv9"
-NrpfrEGq5w,40,50,"/m/01d3sd,/m/01yrx,/m/09x0r,/m/0jbk"
-NsUQ2A0ClQ,0,10,"/m/01d3sd,/m/0lyf6"
-OyQFAtJBgM,0,10,/m/01d3sd
-QxsOgTbN4U,0,10,/m/01d3sd
-STvF9lUzAU,70,80,"/m/01d3sd,/m/09x0r"
-Vp_-QGJsHI,80,90,/m/01d3sd
-W3Y53YUVxU,10,20,/m/01d3sd
-XMpb9l2wGY,70,80,/m/01d3sd
-Ysv38RCcyc,11,21,/m/01d3sd
-ZIEe_kc5Qs,0,10,"/m/01d3sd,/m/09x0r,/m/0ytgt"
-_LkSumHJUw,40,50,"/m/01d3sd,/m/09x0r"
-a6VJhCbUqM,460,470,/m/01d3sd
-aKEuf6_C_g,17,27,"/m/01d3sd,/m/09x0r"
-dJaJjx_ZR8,10,20,"/m/01d3sd,/m/09x0r"
-de-a0MlWgA,110,120,/m/01d3sd
-ejXrr7JYtM,30,40,/m/01d3sd
-faG29gwd_M,380,390,/m/01d3sd
-ffVQbS1WwM,30,40,/m/01d3sd
-flUdZ0owOw,230,240,"/m/01d3sd,/m/09x0r"
-g5OsqqhvbA,20,30,/m/01d3sd
-hht0FpG0Vc,20,30,"/m/01d3sd,/m/04rlf"
-j8A1Tfhee8,20,30,"/m/01d3sd,/m/09x0r"
-kv_F4Ru4BI,10,20,/m/01d3sd
-meLTxuZIrc,100,110,"/m/01d3sd,/m/09x0r"
-ovh27iRBBU,0,10,"/m/01d3sd,/m/09x0r"
-toLI6dtjWY,20,30,/m/01d3sd
-ufl6zO9oZ8,30,40,/m/01d3sd
0-Oh28jui3k,40,50,/m/01d3sd
00ZKNyiLGP4,4,14,"/m/01d3sd,/m/09x0r"
00jLG_9y7mw,30,40,"/m/01d3sd,/m/09x0r"
00kiylShRxU,60,70,/m/01d3sd
00uPwEZ29rw,20,30,"/m/01d3sd,/m/068hy,/m/0bt9lr"
01UIpvJRwVM,10,20,/m/01d3sd
01i68fQIo1o,100,110,/m/01d3sd
02Nbja5DOMs,10,20,/m/01d3sd
0498hy13o1E,10,20,/m/01d3sd
04RC7-oGGkc,30,40,"/m/01d3sd,/m/09x0r"
05rXA1rZEdw,10,20,/m/01d3sd
0CK-Bk-3j6o,30,40,"/m/01d3sd,/m/09x0r"
0HCX9M3lo44,7,17,"/m/01d3sd,/m/09x0r"
0IMorrErsv0,50,60,/m/01d3sd
0IqfdY1oxmM,70,80,/m/01d3sd
0J64KP79xkM,30,40,/m/01d3sd
0JqaCkohyek,10,20,/m/01d3sd
0L9F7PAINqo,350,360,/m/01d3sd
0NvRnSZo_yw,0,10,/m/01d3sd
0SrJ2zPEqLs,30,40,"/m/01d3sd,/m/09x0r"
0WnknjrATdA,40,50,/m/01d3sd
0be2VHPptTU,30,40,/m/01d3sd
0dQdY_-Fh6I,30,40,/m/01d3sd
0f2RYGzn0rM,0,10,/m/01d3sd
0flU_95jm8E,50,60,"/m/01d3sd,/m/04rlf"
0gXyg9t-flg,10,20,/m/01d3sd
0hhMx1pf-Fk,30,40,"/m/01d3sd,/m/09x0r"
0i51hDY_RPA,80,90,"/m/01d3sd,/m/0bt9lr,/m/0jbk"
0iNKa0JNcHc,140,150,"/m/01d3sd,/m/09x0r"
0kNNcMSL-L0,30,40,/m/01d3sd
0kiMXnnrKjg,12,22,/m/01d3sd
0mgIsS0wKro,30,40,/m/01d3sd
0o1SCyEcbMU,10,20,"/m/01d3sd,/m/04rlf,/m/09x0r"
0oBDjq-2eLA,30,40,"/m/01d3sd,/m/09x0r"
0oc608_yMjs,10,20,/m/01d3sd
0owfgo9Ou3s,30,40,"/m/01d3sd,/m/04rlf,/m/09x0r"
0re4hMMjJ8Q,40,50,"/m/01d3sd,/m/09x0r"
0tot80uZKTg,120,130,"/m/01d3sd,/m/068hy,/m/0bt9lr,/m/0jbk"
0uU9PiR8_C8,10,20,/m/01d3sd
0uuCpTLL594,27,37,/m/01d3sd
0v7SOVeMw0g,30,40,/m/01d3sd
0wSKUsufri4,10,20,"/m/01d3sd,/m/09x0r,/t/dd00125"
0xqPlD6lM9o,30,40,/m/01d3sd
0y69IaalTjY,10,20,"/m/01d3sd,/m/01yrx,/m/068hy,/m/0jbk"
0y_8qBo3aHE,70,80,"/m/01d3sd,/m/09x0r,/m/0lyf6"
1-pnc4lFWh0,30,40,/m/01d3sd
10ILs3Dvgds,10,20,"/m/01d3sd,/m/09x0r"
116C4_1OP5I,50,60,"/m/01d3sd,/m/068hy,/m/0bt9lr,/m/0jbk"
11gGfPTUZcE,30,40,/m/01d3sd
129Fy2Z1ItY,30,40,/m/01d3sd
12bmrnsbXq8,140,150,/m/01d3sd
14TnxreMZJA,140,150,/m/01d3sd
1BuCw43a4_o,70,80,/m/01d3sd
1CLmuMFEgrM,20,30,"/m/01d3sd,/m/09x0r"
1DHDME36lbE,40,50,/m/01d3sd
1DKCgmEfcG0,170,180,/m/01d3sd
1E_jzLpWNKM,110,120,/m/01d3sd
1ID3aaxx8rM,10,20,/m/01d3sd
1KvbsSNo4pk,20,30,"/m/01d3sd,/m/068hy,/m/0bt9lr,/m/0jbk"
1SKs3kD9Qwc,10,20,"/m/01d3sd,/m/09x0r,/m/0ytgt"
1SmKwFzdiqA,40,50,/m/01d3sd
1TSkVdJ_knQ,40,50,/m/01d3sd
1VEDNOWGNpU,20,30,/m/01d3sd
1XFRteSfNpA,0,10,/m/01d3sd
1XTHCpBJLFQ,40,50,/m/01d3sd
1XTMCF1W_2I,110,120,"/m/01d3sd,/m/09x0r,/t/dd00125"
1YMBETzN4O0,0,10,/m/01d3sd
1YoChLI2bkg,10,20,"/m/01d3sd,/m/09x0r"
1YwQWFBpxEg,30,40,/m/01d3sd
1bGCnzs3yAs,30,40,"/m/01d3sd,/m/09x0r"
1bOXPrzHVlc,70,80,"/m/01d3sd,/m/07q0yl5"
1cM8k0GIRYA,20,30,/m/01d3sd
1fWwI3ZXynY,20,30,/m/01d3sd
1fYjCl2aGAs,350,360,"/m/01d3sd,/m/09x0r"
1fZj2Z3lAfc,10,20,/m/01d3sd
1iR8szT4Rj8,250,260,/m/01d3sd
1jAenzgjybk,60,70,"/m/01d3sd,/m/09x0r"
1jUZbxcxDww,10,20,/m/01d3sd
1kJHT52A0kI,110,120,/m/01d3sd
1kc968WZ9dw,50,60,/m/01d3sd
1pAS7L-UIA4,0,10,"/m/01d3sd,/m/068hy,/m/0bt9lr,/m/0jbk"
1r_1teFn7n0,130,140,"/m/01d3sd,/m/068hy,/m/0jbk"
1rtQ_YOHDic,70,80,"/m/01d3sd,/m/09x0r"
1tnGtngsDL8,180,190,/m/01d3sd
1z2FeaSQq5c,20,30,/m/01d3sd
2-2V3XHpBM8,20,30,/m/01d3sd
2-2XyMKd2DI,30,40,"/m/01d3sd,/t/dd00125"
2-TRXtJ6pqE,50,60,/m/01d3sd
25LXKz3wBrk,10,20,/m/01d3sd
25T5kgGeGqo,170,180,"/m/01d3sd,/m/09x0r"
27UhSpK-3ug,0,10,/m/01d3sd
27Vho54XD_A,20,30,"/m/01d3sd,/m/068hy,/m/0bt9lr,/m/0jbk"
27pVGh9xOr4,10,20,"/m/01d3sd,/m/09x0r"
2C39wkiTRd0,30,40,/m/01d3sd
2CUf1QVlaoo,10,20,/m/01d3sd
2CWosdSn7nU,0,10,"/m/01d3sd,/m/09x0r"
2CbiaYL-C0I,0,7,/m/01d3sd
2DPaO74plcE,270,280,/m/01d3sd
2IIvxnxWZ74,50,60,/m/01d3sd
2JMeT79Jyh8,80,90,"/m/01d3sd,/m/09x0r"
2KAXiIYmv54,80,90,/m/01d3sd
2KI5DapHfgE,20,30,"/m/01d3sd,/m/068hy,/m/0bt9lr,/m/0jbk,/t/dd00125"
2KgFFhOTlR8,20,30,"/m/01d3sd,/m/09x0r"
2LWnuPO7uOI,20,30,/m/01d3sd
2MsODXwBdRY,60,70,/m/01d3sd
2QK2TN8GZb0,20,30,/m/01d3sd
2R2-qVlIiJ8,20,30,/m/01d3sd
2Szgz8KxwaY,10,20,/m/01d3sd
2U58abh4gt8,40,50,"/m/01d3sd,/m/09x0r"
2WKbCMymnCM,10,20,"/m/01d3sd,/m/09x0r"
2WP80d_q2W0,40,50,/m/01d3sd
2ZnpFP5QXp8,50,60,/m/01d3sd
2aTVSeC7bww,30,40,/m/01d3sd
2bcpaKT6FiY,0,10,"/m/01d3sd,/m/09x0r"
2gPPiLpAPNI,30,40,/m/01d3sd
2gXN76J-Xa4,80,90,/m/01d3sd
2iwKe2kO6mo,30,40,"/m/01d3sd,/m/09x0r"
2pKkaUuZygE,0,10,"/m/01d3sd,/m/09x0r"
2pdnlXllNZk,80,90,/m/01d3sd
2rM5rZ4wTn8,40,50,"/m/01d3sd,/m/09x0r"
2tXCYBl7yM0,30,40,/m/01d3sd
2tZ7SSc8iG8,10,20,"/m/01d3sd,/m/0jbk"
2vrDDsT7sYk,20,30,"/m/01d3sd,/m/09x0r"
2xfPXH9VmaI,130,140,/m/01d3sd
2ypt3bSUb8Y,0,10,"/m/01d3sd,/m/09x0r"
31jKxU1mKAw,40,50,/m/01d3sd
327kY5ibeuw,110,120,/m/01d3sd
33REGRja5mw,220,230,"/m/01d3sd,/m/09x0r,/t/dd00125"
34LwyZPAamw,160,170,"/m/01d3sd,/m/07q0yl5"
3553HVNfiP8,80,90,/m/01d3sd
35QHLato_mQ,100,110,"/m/01d3sd,/m/09x0r,/t/dd00125"
37xr3DyPbwc,10,20,/m/01d3sd
38MQRVvtdgM,160,170,/m/01d3sd
399Vssvn81k,40,50,/m/01d3sd
3CvJhpMHLTQ,10,20,"/m/01d3sd,/m/01yrx,/m/068hy,/m/0jbk"
3FwTm15bCoA,40,50,/m/01d3sd
3GB6244ctmI,0,10,"/m/01d3sd,/m/01yrx,/m/09x0r,/m/0jbk"
3GON9iqIH9A,200,210,/m/01d3sd
3KLMI6Cw0u0,10,20,/m/01d3sd
3OmhJ07aZa0,140,150,"/m/01d3sd,/m/09x0r"
3P9NEcY_RW0,30,40,"/m/01d3sd,/m/09x0r"
3Qxd3CDQkZ0,20,30,/m/01d3sd
3REtdSdP1lI,20,30,"/m/01d3sd,/m/09x0r"
3U7MgfDTL7Q,130,140,"/m/01d3sd,/m/07q7njn"
3UgpbhN0KJA,50,60,/m/01d3sd
3UtQSxTY5og,0,10,/m/01d3sd
3V7YL_zTgUo,0,10,"/m/01d3sd,/m/09x0r"
3Vs6jCyH5vg,10,20,/m/01d3sd
3XcIVh40pTI,10,20,/m/01d3sd
3YYzHjvicFY,50,60,"/m/01d3sd,/m/068hy,/m/09x0r,/m/0bt9lr,/m/0jbk"
3_MGBiaAA2Q,0,10,/m/01d3sd
3a-Yo8NApp4,40,50,/m/01d3sd
3abg1iZDLTg,330,340,/m/01d3sd
3cWjU38qgLk,70,80,"/m/01d3sd,/m/09x0r"
3ccuMHzTJEk,10,20,"/m/01d3sd,/m/04rlf,/m/09x0r,/m/0jbk"
3cwJLv-D_hI,20,30,/m/01d3sd
3cxtM25ctw8,170,180,/m/01d3sd
3dcKjAn4U6w,10,20,/m/01d3sd
3ebNvNIrXoo,20,30,/m/01d3sd
3epkOM1_9LY,40,50,/m/01d3sd
3fX7-liyZj8,40,50,/m/01d3sd
3fbmK7ru-2E,70,80,/m/01d3sd
3hLcevjUyf4,0,10,/m/01d3sd
3iKEm4hSO3A,40,50,"/m/01d3sd,/m/04rlf"
3j0W67ZPNWs,0,10,"/m/01d3sd,/m/0bt9lr,/m/0jbk"
3kJmzZDyCVs,10,20,"/m/01d3sd,/m/09x0r"
3lbJzkctdDM,30,40,/m/01d3sd
3m_dg2MH-FE,0,10,/m/01d3sd
3ucmEhJGEAM,20,30,/m/01d3sd
3ustxp7NTVk,20,30,/m/01d3sd
3v1vELFlE7k,0,10,"/m/01d3sd,/m/068hy,/m/0bt9lr,/m/0jbk"
3y40oN-WDAo,50,60,/m/01d3sd
4--Lpt3YPDc,10,20,/m/01d3sd
40GvrkNyQR8,20,30,"/m/01d3sd,/m/02rtxlg,/m/09x0r"
40ghjcpDJw8,30,40,"/m/01d3sd,/m/09x0r"
44sr0dbl-xQ,10,20,/m/01d3sd
46QE1mzOXIU,30,40,"/m/01d3sd,/m/09x0r"
47bGsgYZDz8,20,30,/m/01d3sd
4AOaHKXHyM0,20,30,/m/01d3sd
4AumzfG6EIk,20,30,"/m/01d3sd,/m/068hy,/m/0bt9lr,/m/0jbk"
4BBnZnCFMzY,20,30,/m/01d3sd
4BRIbrPdxjk,0,10,/m/01d3sd
4BaAxF4XgO8,20,30,/m/01d3sd
4C4dfeDruIw,10,20,/m/01d3sd
4Dgsprnpcdg,0,10,/m/01d3sd
4E7Ga-Izg_o,10,20,/m/01d3sd
4H61msyILy8,0,10,/m/01d3sd
4HEuzuFT8QE,30,40,/m/01d3sd
4IH4KCTb6vQ,10,20,/m/01d3sd
4J-rFIucO80,0,10,/m/01d3sd
4M8CFX38RpQ,30,40,/m/01d3sd
4NbM_GpEnl8,20,30,/m/01d3sd
4Q0UocsJoz8,0,10,/m/01d3sd
4S4U6XRvRVE,10,20,/m/01d3sd
4Svg1BRlNH0,70,80,"/m/01d3sd,/m/05zppz,/m/09x0r"
4TuC-NVwtPc,50,60,/m/01d3sd
4UEkGKLB89Y,0,10,/m/01d3sd
4Uhe-VX_jCU,10,20,/m/01d3sd
4V0keQOlnH8,40,50,"/m/01d3sd,/m/01yrx,/m/0jbk"
4VD4FGVS2nM,10,20,"/m/01d3sd,/m/01yrx,/m/068hy,/m/0jbk"
4VGaIXNUUfw,0,10,/m/01d3sd
4WxFMhdbjRI,20,30,"/m/01d3sd,/t/dd00125"
4YodC6RnplI,70,80,/m/01d3sd
4ZlRt0UHWb8,60,70,"/m/01d3sd,/m/068hy,/m/09x0r,/m/0bt9lr,/m/0jbk"
4_C20Dw7G_4,10,20,/m/01d3sd
4c5ZMqxb_ME,0,10,/m/01d3sd
4hlGZVen7qk,20,30,"/m/01d3sd,/t/dd00125"
4lOXjW8rpxU,0,10,"/m/01b_21,/m/01d3sd"
4lX-X4gybCg,30,40,"/m/01d3sd,/m/09x0r"
4oyLMO10V04,10,20,/m/01d3sd
4qzELU-6jFI,80,90,/m/01d3sd
4sI23gTzpws,160,170,/m/01d3sd
4x38BmsSiVE,30,40,/m/01d3sd
4z5t44gs6o4,60,70,"/m/01d3sd,/m/09x0r"
577PkQbEZxA,40,50,"/m/01d3sd,/m/09x0r"
58wK1QWGvtY,110,120,/m/01d3sd
59MqKY5md9w,20,30,"/m/01d3sd,/m/0lyf6"
5Ax3jJOWVcQ,0,10,/m/01d3sd
5BGmrV7_qVE,0,10,/m/01d3sd
5EboRT7Dcaw,90,100,/m/01d3sd
5G3LO8xL-Oo,20,30,/m/01d3sd
5H4jT2dsIE4,10,20,/m/01d3sd
5HkKl1QFyT4,80,90,/m/01d3sd
5ICrq2XZjKo,20,30,"/m/01d3sd,/m/02p3nc"
5IqWQ6jEKqE,60,70,"/m/01d3sd,/m/068hy,/m/09x0r,/m/0jbk"
5OiAuv08tp4,100,110,"/m/01d3sd,/m/068hy,/m/09x0r,/m/0bt9lr,/m/0jbk"
5S2Zgvmw_5o,30,40,/m/01d3sd
5S8tp0Q-UW8,0,10,"/m/01d3sd,/m/09x0r"
5SSn1qmWOio,0,10,/m/01d3sd
5XDKSC-LHmA,30,40,/m/01d3sd
5_V4VNQs7v8,20,30,/m/01d3sd
5_YSVFUjBOk,0,10,/m/01d3sd
5cWQ9lZeJLQ,10,20,"/m/01d3sd,/m/09x0r"
5hO-x2VUJc0,10,20,/m/01d3sd
5lJZp5vyohk,30,40,/m/01d3sd
5np6y-y6kBY,30,40,"/m/01d3sd,/m/068hy,/m/0bt9lr,/m/0jbk"
5rL0QdIHF6E,40,50,"/m/01d3sd,/m/09x0r"
5rh5-MCjqq8,30,40,/m/01d3sd
5tXq7Ptha-s,80,90,"/m/01d3sd,/m/04rlf"
5uB3RSKKeB0,20,30,/m/01d3sd
5xYRzfR22oc,10,20,"/m/01d3sd,/m/09x0r"
5xz2heCSr-s,40,50,/m/01d3sd
6-5jtj4ROqY,30,40,/m/01d3sd
6-o0DEoZQZw,0,10,/m/01d3sd
60LOdZIIUn4,60,70,/m/01d3sd
61Vl5yTsyYg,110,120,/m/01d3sd
61vdanMlQwQ,20,30,"/m/01d3sd,/m/09x0r"
62LsxuBEhMo,60,70,/m/01d3sd
642xIJH1IjY,10,20,"/m/01d3sd,/m/04rlf,/m/09x0r"
67_FrupcCS4,0,10,/m/01d3sd
6BQAAtGVJzc,20,30,/m/01d3sd
6CSyJfYYBCs,50,60,/m/01d3sd
6E55m6z8nmY,220,230,/m/01d3sd
6FHECzSv6-c,30,40,/m/01d3sd
6Go-n4JKtzM,0,10,"/m/01d3sd,/m/04rlf,/m/09x0r"
6H3oX7XeKXs,40,50,/m/01d3sd
6JvaRmV4GTs,110,120,"/m/01d3sd,/m/09x0r"
6MYLrx4CqRA,50,60,/m/01d3sd
6O0jYWFBYJY,0,10,"/m/01d3sd,/m/04rlf"
6OYnVK1T8vo,50,60,/m/01d3sd
6RBrKvTOLsI,110,120,/m/01d3sd
6SDaSFPhZu8,60,70,"/m/01d3sd,/m/09x0r"
6ZABu2G64ms,0,10,/m/01d3sd
6ajlhNJVxJI,0,10,/m/01d3sd
6h8x8NBok0o,30,40,/m/01d3sd
6iwOOiYQAt0,40,50,"/m/01d3sd,/m/068hy,/m/09x0r,/m/0bt9lr,/m/0jbk"
6lVFdvOfZEI,110,120,"/m/01d3sd,/m/04rlf"
6mBXQx14Luk,40,50,/m/01d3sd
6r3wm6-62lk,110,120,/m/01d3sd
6tjLSUMbPhg,10,20,/m/01d3sd
6wcVDVP0rio,60,70,/m/01d3sd
6xdLGyrbtJM,0,10,"/m/01d3sd,/m/09x0r"
7-bN_karX3A,110,120,"/m/01d3sd,/m/068hy,/m/0jbk"
703lPJIvk2E,190,200,/m/01d3sd
71L97wy61yo,100,110,/m/01d3sd
71iXgJIvlTg,80,90,"/m/01d3sd,/m/068hy,/m/07q0yl5,/m/09x0r,/m/0bt9lr,/m/0jbk"
72_OfyS2fu8,20,30,"/m/01d3sd,/m/09x0r"
72uM_Wz4ItI,10,20,/m/01d3sd
73NVLEoDJoY,60,70,/m/01d3sd
751QPB8mDAg,0,10,/m/01d3sd
75Qn7yv-71A,10,20,/m/01d3sd
78gtofXVH2I,20,30,/m/01d3sd
7AZ7Y0fMwWk,90,100,/m/01d3sd
7B86MZYEMXI,20,30,/m/01d3sd
7BU0rD0m2bk,20,30,/m/01d3sd
7BZU5bb3CbI,50,60,/m/01d3sd
7CBWFErtB5U,20,30,/m/01d3sd
7CYYfSXgyHc,20,30,"/m/01d3sd,/m/03k3r,/m/0jbk"
7CnW8LQWGog,30,40,"/m/01d3sd,/m/09x0r"
7FNPAo2SL1w,20,30,/m/01d3sd
7Jnw5bs6vtA,0,10,"/m/01d3sd,/m/068hy,/m/0bt9lr,/m/0jbk"
7LVjivoNNzk,0,10,"/m/01d3sd,/m/09x0r"
7ONYYoHFQvo,30,40,"/m/01d3sd,/m/09x0r"
7PnbaD9fIjs,180,190,/m/01d3sd
7TML1CDRbVo,20,30,/m/01d3sd
7VSCcViVixw,0,10,/m/01d3sd
7Wat_2UHu8o,0,10,/m/01d3sd
7_S7ah7DLOE,40,50,/m/01d3sd
7asxHxnNk4Y,0,10,"/m/01d3sd,/m/09x0r"
7b3TCh2Sxq4,90,100,/m/01d3sd
7b7yQgrmdic,10,20,"/m/01d3sd,/m/09x0r"
7bHfgmUqHmQ,20,30,"/m/01d3sd,/m/05zppz,/m/09x0r"
7gBrL9sSS3U,90,100,"/m/01d3sd,/m/068zj,/m/09x0r,/m/0jbk"
7gllf7x8Ktw,0,10,"/m/01d3sd,/m/09x0r"
7lJcnWLf0Ho,30,40,"/m/01d3sd,/m/03k3r,/m/0jbk"
7lkt4p4CsYM,120,130,/m/01d3sd
7lupbLcKCrg,0,10,/m/01d3sd
7p8KMaHHXnc,190,200,/m/01d3sd
7pDPvcxpzbQ,10,20,/m/01d3sd
7qBNr6OsgUQ,10,20,/m/01d3sd
7ue27wIDoXg,70,80,"/m/01d3sd,/m/09x0r"
7urP9pRcrik,80,90,/m/01d3sd
7uwlgmP6Vb4,70,80,"/m/01d3sd,/m/09x0r"
7wkR_gi-Quc,90,100,/m/01d3sd
8-vETvf0F5A,0,10,/m/01d3sd
80Rs3qQwpYY,20,30,/m/01d3sd
827oM6vfjFQ,20,30,/m/01d3sd
84i2xoVNSnI,500,510,/m/01d3sd
84mYtnoKDAM,50,60,/m/01d3sd
86PUjaAi_Kw,0,10,/m/01d3sd
8AGm9K8brhw,250,260,/m/01d3sd
8FBWM73r-oE,200,210,"/m/01d3sd,/m/09x0r"
8GeQ1AxIqEw,50,60,"/m/01d3sd,/m/04rlf,/m/05zppz,/m/09x0r"
8H17M_bRkYA,60,70,/m/01d3sd
8HWM37_SG9g,30,40,/m/01d3sd
8IfmSpOxs4g,10,20,/m/01d3sd
8LGMa8FVWEo,20,30,/m/01d3sd
8LlqQXg4T5k,10,20,/m/01d3sd
8LvXZGk8wTE,30,40,/m/01d3sd
8MPvzgy10BU,10,20,/m/01d3sd
8OTqfTSoUL4,0,10,/m/01d3sd
8QYtEt1w-8M,70,80,/m/01d3sd
8TvWc_MHhwM,10,20,/m/01d3sd
8UgR_Wui0s0,0,10,/m/01d3sd
8WILg3mmfTA,160,170,/m/01d3sd
8_Bb9gLQVSs,160,170,/m/01d3sd
8_RtPyr5PpU,10,20,/m/01d3sd
8_VfA3xlvNk,40,50,/m/01d3sd
8_uJU2fLjKg,20,30,/m/01d3sd
8b5VG6ky_Wo,10,20,"/m/01d3sd,/m/09x0r,/t/dd00125"
8b64eo5MBKA,40,50,/m/01d3sd
8bmaP25tJe4,20,30,"/m/01d3sd,/m/068hy,/m/0bt9lr,/m/0jbk"
8hYUn3tel9s,20,30,/m/01d3sd
8jjvxPs-jUk,60,70,/m/01d3sd
8kNDCLtz8bY,80,90,/m/01d3sd
8kQnsUJEP_4,10,20,/m/01d3sd
8k_aV4mEz94,20,30,/m/01d3sd
8m2uZL2PqMs,20,30,"/m/01d3sd,/m/068hy,/m/09x0r,/m/0bt9lr,/m/0jbk"
8nCBg_EuS3k,30,40,/m/01d3sd
8uDXjGqs7ro,50,60,/m/01d3sd
8wwK1DZHXZg,30,40,"/m/01d3sd,/m/09x0r"
91GCtSoNPqE,0,10,/m/01d3sd
91HcrO0dw1g,20,30,/m/01d3sd
931FefohlbA,40,50,/m/01d3sd
95DvdNAC6IE,100,110,/m/01d3sd
9AG9Rcbdq98,40,50,"/m/01d3sd,/m/09x0r"
9Eoew1VEHEo,180,190,/m/01d3sd
9F5bSydqGn0,40,50,/m/01d3sd
9FNK87ppnog,0,10,/m/01d3sd
9G-nQ7Ud1aQ,10,20,/m/01d3sd
9JGdAEbme3Y,10,20,/m/01d3sd
9JkQSotACZM,40,50,/m/01d3sd
9K7HCoVvsXg,10,20,"/m/01d3sd,/m/09x0r"
9KLv0RR6xiA,20,30,/m/01d3sd
9LoDdANZIwg,50,60,"/m/01d3sd,/t/dd00125"
9SpP079VAYw,30,40,/m/01d3sd
9TdjBYLfS7g,10,20,/m/01d3sd
9TxVsZjXCVM,10,20,"/m/01d3sd,/m/09x0r,/m/0lyf6"
9US2zkrY0NA,10,20,/m/01d3sd
9VhFoz9bmWM,10,20,"/m/01d3sd,/m/09x0r"
9YkOcQyUbKY,90,100,/m/01d3sd
9_6DWdRdPM4,90,100,"/m/01d3sd,/m/09x0r"
9a1KzIubxw8,40,50,/m/01d3sd
9amGgMSVjpA,70,80,/m/01d3sd
9baoh1DgoZA,20,30,"/m/01d3sd,/m/09x0r"
9cl11FgzpaU,100,110,/m/01d3sd
9dMQJcZcD5I,0,10,/m/01d3sd
9dPiRSWl06E,20,30,"/m/01d3sd,/m/09x0r"
9gOI1_wEuPs,0,10,"/m/01d3sd,/t/dd00125"
9ptOhptuqUA,0,10,"/m/01d3sd,/m/09x0r"
9qGEOvkKABE,20,30,/m/01d3sd
9sWUP6Ecmgw,90,100,"/m/01d3sd,/m/09x0r"
9tDZq-379-o,80,90,/m/01d3sd
9vKranle5eU,60,70,"/m/01d3sd,/m/04rlf,/m/09x0r"
9wdaoEFXToQ,20,30,/m/01d3sd
9yQZGL6msYk,40,50,/m/01d3sd
9zHI4qphDXE,60,70,"/m/01d3sd,/m/09x0r,/t/dd00125"
A6G9uEuHxp8,100,110,/m/01d3sd
A8vh2ucp3bA,0,10,"/m/01d3sd,/m/09x0r"
ABCSgtiQCvM,60,70,/m/01d3sd
ADplf6HEjdA,50,60,"/m/01d3sd,/m/09x0r"
AEcNBXnPKU4,0,10,/m/01d3sd
AEjfdYic5bs,10,20,/m/01d3sd
AF1FxHnvvvg,80,90,/m/01d3sd
AFJK8wVs-ds,50,60,"/m/01d3sd,/m/09x0r"
AFkmihcnwv0,110,120,/m/01d3sd
AG-0ra-pmmc,10,20,"/m/01d3sd,/m/09x0r"
AGsPwYz6-SY,0,10,/m/01d3sd
AHsBqcxLPaQ,70,80,"/m/01d3sd,/m/04rlf"
AJe39gk3GFk,10,20,/m/01d3sd
AJmL-F6c7wM,70,80,/m/01d3sd
AKLiW8ibjIE,10,20,/m/01d3sd
AKnHQmpKHEg,50,60,"/m/01d3sd,/m/04rlf,/m/09x0r"
AMhfvxpn2iA,0,10,/m/01d3sd
AN3aFNFXXt0,20,30,/m/01d3sd
AVjm_N5qYAQ,110,120,/m/01d3sd
AYVoitWmG6M,30,40,"/m/01d3sd,/m/09x0r"
AZkCoa42lis,30,40,/m/01d3sd
AcQ259OZZoQ,10,20,/m/01d3sd
AfpPCPCwqq4,0,10,/m/01d3sd
AkXAP0yFgxc,80,90,"/m/01d3sd,/m/09x0r,/m/0bt9lr,/m/0jbk"
Al9oj4TgXv4,400,410,/m/01d3sd
ArKKNUBS-R0,50,60,"/m/01d3sd,/m/09x0r"
AruXXlokVkk,0,10,/m/01d3sd
AuIM2NatauA,20,30,"/m/01d3sd,/t/dd00125"
AvqCIiyctAo,0,10,/m/01d3sd
AyI1IkYr9Ec,100,110,/m/01d3sd
B-bmwvlR--U,40,50,/m/01d3sd
B1akZZ-TMNo,20,30,/m/01d3sd
B3QGXdH9ttw,160,170,"/m/01b_21,/m/01d3sd,/m/09x0r"
B4AUtKFddKs,20,30,"/m/01d3sd,/m/05zppz,/m/09x0r"
BBTAciSOgiU,260,270,/m/01d3sd
BCfnxbq7t20,30,40,"/m/01d3sd,/m/04rlf"
BDXGM5qwT_w,80,90,"/m/01d3sd,/m/068hy,/m/0bt9lr,/m/0jbk,/t/dd00125"
BIzh8dWqc8k,90,100,/m/01d3sd
BMh-vvYwMVc,70,80,/m/01d3sd
BNtt087Z8t8,0,10,"/m/01d3sd,/m/09x0r,/t/dd00125"
BOwmitF2yqg,0,10,"/m/01d3sd,/m/04rlf"
BUZ1va042dI,20,30,"/m/01d3sd,/m/09x0r"
BUk2M6wOY3Y,60,70,/m/01d3sd
BVOVcrjpLGc,200,210,/m/01d3sd
BWi4A2CNWQc,10,20,"/m/01d3sd,/t/dd00125"
BY9WR1EmvbI,10,20,/m/01d3sd
BYbeCfQdtKs,10,20,"/m/01d3sd,/t/dd00125"
Be6wYYxZUkY,0,10,/m/01d3sd
BesF3XNhAkM,0,10,"/m/01d3sd,/m/09x0r"
BfsTNagXSg8,40,50,/m/01d3sd
Bow2JlBSnT8,80,90,/m/01d3sd
BqA6jeltH6Q,10,20,/m/01d3sd
BqN4CEnrElU,30,40,/m/01d3sd
BvqiDcEIC78,50,60,"/m/01d3sd,/t/dd00125"
BvsgHQC5K0M,60,70,/m/01d3sd
ByZvbl_Pnx0,40,50,/m/01d3sd
C2VeDxyMLHo,170,180,/m/01d3sd
C9PhMCUaKSM,10,20,"/m/01d3sd,/m/068hy,/m/09x0r,/m/0bt9lr,/m/0jbk"
CARDNI59xOM,60,70,/m/01d3sd
CA_AkXp0WDs,560,570,/m/01d3sd
CBGRhuqfZBw,10,20,/m/01d3sd
CCyWqBObsrw,10,20,/m/01d3sd
CFyY0PWFsoc,10,20,/m/01d3sd
CIDNbexuLTY,160,170,"/m/01d3sd,/m/09x0r"
CJXXFjevV8k,0,10,"/m/01d3sd,/m/04rlf,/m/09x0r"
CJsbO_niLKY,40,50,"/m/01d3sd,/m/0bt9lr,/m/0jbk"
CM65vu_qcnM,10,20,/m/01d3sd
CQwbZ8bQ-g4,100,110,/m/01d3sd
CR7PXz6D1vU,10,20,/m/01d3sd
CTOvFKCmyb4,20,30,/m/01d3sd
CUlUUdmljb0,30,40,/m/01d3sd
CUtbzo2jqkQ,20,30,"/m/01d3sd,/m/068hy,/m/0bt9lr,/m/0jbk"
CV7a8TgMuVs,70,80,/m/01d3sd
C_ovBBWEXR0,20,30,"/m/01d3sd,/m/068hy,/m/0bt9lr"
CatgiTZ4R-o,20,30,"/m/01d3sd,/m/09x0r"
CcEOC-SPVUY,30,40,"/m/01d3sd,/m/09x0r"
CjveuFoU_dQ,0,10,/m/01d3sd
CkELMYInmKA,0,10,"/m/01d3sd,/m/04rlf,/m/09x0r"
CkXkPpaI7XM,90,100,/m/01d3sd
ClHMePhiDEY,30,40,/m/01d3sd
CnooURxIm9I,100,110,/m/01d3sd
Cnuoth6_GXY,60,70,/m/01d3sd
CoNXBK72Cj4,20,30,/m/01d3sd
CofPJJbKHDs,30,40,/m/01d3sd
CsfeJr0O7-A,90,100,/m/01d3sd
CxaPpRJRkn0,0,10,/m/01d3sd
D18XmeWSSq0,0,10,/m/01d3sd
D1A2UowzCY0,20,30,"/m/01d3sd,/m/09x0r"
D3z8efpXWyU,10,20,/m/01d3sd
D5gUMbsduP4,20,30,/m/01d3sd
D8vqS365gF8,0,10,/m/01d3sd
DE_wiwzTWL8,100,110,"/m/01d3sd,/m/09x0r"
DG2zHEzoTR8,20,30,"/m/01d3sd,/m/068hy,/m/0bt9lr,/m/0jbk"
DJ8Sfyoq6AU,220,230,"/m/01d3sd,/m/07q0yl5"
DJ8qKlE8rBs,100,110,"/m/01d3sd,/m/07q0yl5"
DKN3EnEP7RY,60,70,"/m/01d3sd,/m/04rlf"
DMIthQNjjII,10,20,"/m/01d3sd,/m/09x0r"
DNfmDjM9M6U,0,10,/m/01d3sd
DNx23z9BUB4,20,30,/m/01d3sd
DOylHYkp5IY,440,450,/m/01d3sd
DOzc8GAQq8A,20,30,/m/01d3sd
DQb9zWjsMk0,90,100,"/m/01d3sd,/m/09x0r"
DQoH4QSsurI,180,190,/m/01d3sd
DRGGKJzKy6Y,60,70,"/m/01d3sd,/m/07mzm6"
DT97WpbzvBM,50,60,/m/01d3sd
DTxQws1zonY,70,80,"/m/01d3sd,/m/09x0r"
DX4MtfxBSGo,50,60,"/m/01d3sd,/m/09x0r"
DaHCvFYGPhw,50,60,"/m/01d3sd,/m/09x0r"
Dbto10vEM5Y,120,130,"/m/01d3sd,/m/09x0r"
Dcrd4wvHmzo,60,70,"/m/01d3sd,/m/068hy,/m/09x0r,/m/0bt9lr,/m/0jbk,/t/dd00125"
DiJIuaZtxAk,0,10,"/m/01d3sd,/m/04rlf"
DjQmM5Xk5ew,20,30,/m/01d3sd
Dk6ejT8ahOs,20,30,"/m/01d3sd,/m/09x0r"
DkDxPkbrD5w,10,20,"/m/01d3sd,/m/09x0r"
Dn3buZWMzwY,20,30,"/m/01d3sd,/m/09x0r"
Dp4AJA2a5Kw,10,20,/m/01d3sd
DpXD1Ndisfs,10,20,"/m/01d3sd,/m/09x0r"
DrhspWrOIxo,30,40,"/m/01d3sd,/m/09x0r"
DxmR46RUDVs,30,40,/m/01d3sd
DyUs_MLR0dw,90,100,/m/01d3sd
E27Pl4HaSC4,40,50,/m/01d3sd
E5cv-INI2aw,10,20,"/m/01d3sd,/m/04rlf"
E6C5mnVAfHc,0,10,/m/01d3sd
E8s8nky6Jvs,30,40,/m/01d3sd
EACFOawY6IY,30,40,"/m/01d3sd,/m/09x0r"
EH3Pqigw3hc,40,50,/m/01d3sd
EHbKmMaz504,40,50,"/m/01d3sd,/m/01yrx,/m/02yds9,/m/068hy,/m/0jbk,/t/dd00125"
EHeRbFbgETg,0,10,"/m/01d3sd,/m/09x0r"
EITkjUQxErA,20,30,/m/01d3sd
EIk26cyUjUM,50,60,/m/01d3sd
EKrVvg8sstw,50,60,"/m/01d3sd,/m/0jbk"
ENp6U2Yf0Wg,30,40,/m/01d3sd
EPtk2WbRiCU,150,160,/m/01d3sd
EPzN4F3A1C8,10,20,"/m/01d3sd,/m/04rlf"
EQogQvM1SnA,50,60,/m/01d3sd
EVaD73Z5FpY,20,30,"/m/01d3sd,/m/04rlf,/m/09x0r"
EXHDkrFsA1A,60,70,"/m/01b_21,/m/01d3sd"
EZM7UaQJmCI,20,30,"/m/01d3sd,/m/09x0r"
EatHDeCASTE,20,30,/m/01d3sd
EdxEkYhB9LY,0,10,/m/01d3sd
Efm9daE2sVk,450,460,/m/01d3sd
Eg6jva4tIVw,30,40,"/m/01d3sd,/m/09x0r,/m/0bt9lr,/m/0jbk"
EjfQ2-5kaLQ,40,50,"/m/01d3sd,/m/09x0r"
Ekmkcl6kPCg,10,20,/m/01d3sd
ElJavQpLk0M,70,80,/m/01d3sd
EnBkVoFG-hg,20,30,/m/01d3sd
Eq4Ffak_w7o,50,60,/m/01d3sd
EqZ0mfzGdxE,50,60,"/m/01d3sd,/m/068hy,/m/0bt9lr,/m/0jbk"
EuXmryf7iww,20,30,/m/01d3sd
EuxMBJWWw4Q,150,160,/m/01d3sd
EveEWyRJ0rc,60,70,/m/01d3sd
EyiYrffEcac,40,50,"/m/01d3sd,/m/09x0r"
F2HGfC6QSj4,110,120,/m/01d3sd
F4B9pVfPywo,20,30,/m/01d3sd
F7HBDiSOlK8,20,30,"/m/01d3sd,/m/01yrx,/m/068hy,/m/0jbk"
F7QtqKtllK0,50,60,/m/01d3sd
F8GBLtadLpU,100,110,/m/01d3sd
F9AzjYVesfs,20,30,/m/01d3sd
FA8Hbf1BWb8,20,30,"/m/01d3sd,/m/09x0r"
FCJcXN-uxhg,30,40,"/m/01d3sd,/m/03dnzn,/m/09x0r"
FCyyT3-qbv0,280,290,/m/01d3sd
FDAlSF0UzCU,20,30,/m/01d3sd
FFKlzna5ugI,80,90,"/m/01d3sd,/m/09x0r"
FFtoSZBaMM0,40,50,/m/01d3sd
FG3H2ShICeI,40,50,/m/01d3sd
FHmfEGof4ic,0,10,/m/01d3sd
FIvra2FX2WM,140,150,/m/01d3sd
FKTkMDrDoXE,50,60,"/m/01d3sd,/m/09x0r"
FL4GeB146SQ,0,10,/m/01d3sd
FOJ1AESBjNc,70,80,"/m/01d3sd,/m/09x0r"
FQ3w-nSu86A,10,20,/m/01d3sd
FRtZdWE3otE,10,20,/m/01d3sd
FUqmuNJ1ino,50,60,"/m/01d3sd,/m/04rlf,/m/0bt9lr,/m/0jbk"
FVJSP1MPIeg,30,40,"/m/01bjv,/m/01d3sd,/m/07yv9"
FXRePlpbkY8,20,30,/m/01d3sd
FhPtQRQdHpo,20,30,/m/01d3sd
Fi5gSFcMRlE,130,140,/m/01d3sd
FjqsbchY4ME,20,30,/m/01d3sd
Fm9MMRvkax0,50,60,/m/01d3sd
Fqy5HtKH5VQ,30,40,"/m/01d3sd,/m/068hy,/m/0bt9lr,/m/0jbk"
FvC3NOCMdLo,80,90,"/m/01d3sd,/m/09x0r"
FvtkONYelyc,40,50,"/m/01d3sd,/m/09x0r"
FvyVBA0ga1Q,110,120,"/m/01d3sd,/m/04rlf,/m/09x0r"
FwwjQjtpHC4,20,30,"/m/01d3sd,/m/068hy,/m/09x0r,/m/0bt9lr,/m/0jbk"
G-Fg7OK3nZE,10,20,/m/01d3sd
G1qedo1F-0A,10,20,"/m/01d3sd,/t/dd00125"
G38MSrqlFsI,30,40,/m/01d3sd
G4F-tugeXY0,70,80,/m/01d3sd
G5idkbxkQnU,50,60,/m/01d3sd
G6ceJ_ZicSo,10,20,/m/01d3sd
G9_Uf6YJPkY,20,30,"/m/01d3sd,/m/02yds9,/m/068hy,/m/0jbk"
GDFlTHdkGyo,20,30,/m/01d3sd
GE8sxBOgTsw,40,50,"/m/01d3sd,/m/09x0r"
GJerJsB0NqM,10,20,/m/01d3sd
GN8KnJ90Xcw,0,10,/m/01d3sd
GX7h6oED5ZM,10,20,/m/01d3sd
G_UeLVN0zXM,50,60,/m/01d3sd
Gd2Gq4RA0zM,0,10,"/m/01d3sd,/m/05zppz,/m/09x0r"
Gdt3QPwKkis,30,40,"/m/01d3sd,/m/09x0r"
Gg5LwxHGwFE,10,20,/m/01d3sd
GiTniNdo9sw,50,60,/m/01d3sd
Gj-o8e05CMk,20,30,/m/01d3sd
GnPJETzTfKY,90,100,"/m/01d3sd,/m/04rlf"
Gp4Vru9_ZAE,20,30,/m/01d3sd
GwA6v83AS0M,60,70,"/m/01d3sd,/m/04rlf,/m/09x0r"
GwoPejlelc8,80,90,/m/01d3sd
GxhjzEsBPXM,0,10,"/m/01d3sd,/m/09x0r"
GzAmzk8JJIc,30,40,/m/01d3sd
Gzifz60xa7M,50,60,/m/01d3sd
H2ynlgvLMDo,80,90,/m/01d3sd
H4TzYAh2xpo,40,50,/m/01d3sd
H5eL_q-SwCU,20,30,"/m/01d3sd,/m/04rlf,/t/dd00125"
H7lz2i5bQ8I,40,50,"/m/01d3sd,/m/09x0r,/t/dd00125"
H8_q1ovRwv8,90,100,"/m/01d3sd,/m/068hy,/m/09x0r,/m/0bt9lr,/m/0jbk"
H9hpzYJEsmA,10,20,/m/01d3sd
HAfbg3deh3g,140,150,"/m/01d3sd,/m/07q0yl5,/m/09x0r"
HCl4ubDyzNg,10,20,"/m/01d3sd,/m/09x0r"
HCpE7cmP7ME,80,90,/m/01d3sd
HDMdYNZ0FsI,10,20,/m/01d3sd
HGqZz8V6oZQ,0,10,"/m/01d3sd,/m/09x0r"
HJJf8wy_ztk,160,170,/m/01d3sd
HKtxqY6kQLc,30,40,"/m/01d3sd,/m/09x0r"
HPTycIovzxY,100,110,/m/01d3sd
HPaZMxiUwnQ,0,10,/m/01d3sd
HQmuQfHBpKc,20,30,"/m/01d3sd,/m/09x0r,/m/0ytgt"
HQpgkH2xGPg,20,30,"/m/01d3sd,/m/07r4k75,/m/07s2xch,/m/09x0r"
HRIYovYGTnw,20,30,/m/01d3sd
HS2cJyD0uS0,120,130,/m/01d3sd
HVKlv--hcsY,90,100,"/m/01d3sd,/m/04rlf,/m/09x0r"
HW3wUticT9I,80,90,/m/01d3sd
HWZBH7i5rIQ,10,20,/m/01d3sd
HdF-0CSF0Zs,50,60,/m/01d3sd
HfqG8qVQNi4,0,10,/m/01d3sd
Hics13errA4,0,10,/m/01d3sd
HipppC0wRDY,10,20,/m/01d3sd
Hjr1CYF7Pxo,150,160,/m/01d3sd
HlRcP-FVlBQ,0,10,/m/01d3sd
HmC_7U41AUk,20,30,"/m/01d3sd,/t/dd00125"
HoBiU3uzwAs,0,10,"/m/01d3sd,/m/09x0r"
HoBwJyxhy7k,60,70,"/m/01d3sd,/m/09x0r"
Hv2rz5qTvXs,10,20,"/m/01d3sd,/m/09x0r"
HvrrI-FWN1w,10,20,/m/01d3sd
Hx_OMF8SxM4,30,40,/m/01d3sd
HyQkCTP-Gyc,70,80,"/m/01d3sd,/m/0jbk"
I7pP1vd2s1Y,0,10,/m/01d3sd
I7pqY1J7tbg,100,110,"/m/01d3sd,/m/04rlf"
I8jZLMfkHt0,0,10,"/m/01d3sd,/m/0lyf6"
IBBEpiZPpbo,10,20,/m/01d3sd
IBk0mmqh1_A,0,10,"/m/01d3sd,/m/04rlf,/m/09x0r"
IGyTprD7tcg,110,120,/m/01d3sd
IH186bv83LI,120,130,"/m/01d3sd,/m/0bt9lr,/m/0jbk"
IHd3Vhl8IKI,80,90,"/m/01d3sd,/m/09x0r"
IJk15fn-LOM,70,80,/m/01d3sd
IKowqdKx7rE,10,20,"/m/01d3sd,/m/09x0r"
ILWL0AoA1sM,180,190,/m/01d3sd
IL_wLVs4pGU,30,40,"/m/01d3sd,/m/09x0r"
IOACQr_S6wA,0,10,"/m/01d3sd,/m/09x0r"
IPGucOAtObM,70,80,/m/01d3sd
IUQOQYbRRY0,40,50,/m/01d3sd
IWR6ilR1guE,80,90,/m/01d3sd
I_xoipedVak,70,80,"/m/01d3sd,/m/09x0r"
IbKUfOPpBHQ,0,10,"/m/01d3sd,/m/09x0r"
IbhNVbENavU,0,10,/m/01d3sd
Id5ddSxBQYc,10,20,"/m/01d3sd,/t/dd00125"
Idg8tlMck1g,60,70,"/m/01d3sd,/m/02yds9"
IfaAr6LSnUk,10,20,"/m/01d3sd,/m/09x0r"
IhtTLnJ1WFs,140,150,/m/01d3sd
IixPEEV-7qE,30,40,"/m/01d3sd,/m/068hy,/m/09x0r,/m/0bt9lr,/m/0jbk"
IjHYN5RXyVk,40,50,"/m/01d3sd,/m/09x0r"
Iq5v8gESkCM,0,10,/m/01d3sd
IqOWSDwTvbg,30,40,/m/01d3sd
IrbPc81EHRk,10,20,"/m/01d3sd,/m/09x0r"
Ire78a8kKzM,180,190,/m/01d3sd
Ishr8cHsJkc,180,190,"/m/01d3sd,/m/02yds9,/m/068hy,/m/09x0r,/m/0bt9lr,/m/0jbk"
It2qxREZnP8,120,130,/m/01d3sd
IvrvvAkWM0g,30,40,/m/01d3sd
Iwa7dUdwkGk,30,40,/m/01d3sd
IxtaxS4yNec,180,190,/m/01d3sd
IyZoyy7hA-4,50,60,"/m/01d3sd,/m/09x0r,/m/0ytgt"
IzJPWLp2dUk,0,10,"/m/01d3sd,/m/09x0r"
IzkfnuVDP4o,30,40,/m/01d3sd
IzusNOAyijY,70,80,/m/01d3sd
J-4vV4YQcl8,10,20,"/m/01d3sd,/m/01yrx,/m/02yds9,/m/068hy,/m/0jbk"
J-pmavXnvSc,30,40,/m/01d3sd
J1SnEs7g8hI,20,30,/m/01d3sd
J1nW964G4N8,10,20,"/m/01d3sd,/m/09x0r"
J24vTaUSAws,0,10,"/m/01d3sd,/m/09x0r"
J7MvLJSIy8s,130,140,"/m/01d3sd,/m/068hy,/m/0bt9lr,/m/0jbk"
J8DIQV-Kb-8,50,60,/m/01d3sd
J9NSb0qa1AE,100,110,/m/01d3sd
J9c6xJtlLFU,50,60,"/m/01d3sd,/m/04rlf,/m/05zppz,/m/09x0r"
J9ewqrhMuHk,0,10,/m/01d3sd
JC2ZrXzCX4Y,110,120,"/m/01d3sd,/m/09x0r"
JC4BxC83FRQ,0,10,/m/01d3sd
JD2eVIzq5rU,10,20,/m/01d3sd
JDvX1n6AJeU,30,40,/m/01d3sd
JE2x_QM8X68,10,20,/m/01d3sd
JEmHXM5KyF8,10,20,/m/01d3sd
JGSOheeJx1o,30,40,"/m/01d3sd,/m/09x0r"
JGu5Ja4Ueco,10,20,/m/01d3sd
JJ8bVeIDkQo,10,20,"/m/01d3sd,/m/09x0r"
JKir-UdSGdI,0,10,/m/01d3sd
JKwoNZ1T-PU,30,40,/m/01d3sd
JOtU2E6OSng,10,20,/m/01d3sd
JPTVIlGz0qI,310,320,/m/01d3sd
JS1FKnTugZc,80,90,/m/01d3sd
JWwS4TNA3Z8,60,70,/m/01d3sd
JX8fGqdUlc8,0,10,"/m/01d3sd,/m/09x0r,/m/0ytgt"
JXOesgXxWEo,20,30,/m/01d3sd
JaVQZLuWBOo,50,60,"/m/01d3sd,/m/09x0r"
Jk1Cuku5d8U,30,40,/m/01d3sd
JkYRxHsGyBE,60,70,"/m/01d3sd,/m/09x0r"
JlPhzhxpNW4,30,40,/m/01d3sd
Jld-t8kdg9E,120,130,/m/01d3sd
JplODCMoL94,0,10,/m/01d3sd
JpqsFF1jRME,10,20,"/m/01d3sd,/m/09x0r"
JrRI_tVzeGQ,30,40,"/m/01d3sd,/m/01yrx,/m/02yds9,/m/068hy,/m/0jbk"
Jrp6ixaAMTw,30,40,"/m/01d3sd,/m/068hy,/m/09x0r,/m/0bt9lr,/m/0jbk"
JuqEgPEfy4Q,10,20,/m/01d3sd
JvFNcA_07XE,10,20,"/m/01d3sd,/m/04rlf,/m/09x0r"
JvJkhK2Ddbg,30,40,"/m/01d3sd,/m/0jbk"
JwN2qvSdFfw,20,30,/m/01d3sd
JxXv85mZuMQ,50,60,"/m/01d3sd,/m/068hy,/m/0bt9lr,/m/0jbk"
JyU-8vVmQek,60,70,"/m/01d3sd,/m/09x0r"
JzBEwbTPfnY,110,120,"/m/01d3sd,/m/01yrx,/m/068hy,/m/0jbk"
Jzc66pasXSg,110,120,/m/01d3sd
K-7Y8yhcUiw,60,70,"/m/01d3sd,/m/068hy,/m/0bt9lr,/m/0jbk"
K03ydb1uaoQ,40,50,"/m/01d3sd,/t/dd00125"
K18qNQ6kuug,0,10,"/m/01d3sd,/m/04rlf"
K3A3VQVHH18,100,110,"/m/01d3sd,/m/09x0r"
K42RTYgZSBo,0,10,"/m/01d3sd,/m/068hy,/m/0bt9lr,/m/0jbk"
K50_6LC-l2I,10,20,"/m/01d3sd,/m/068hy,/m/0bt9lr,/m/0jbk"
K54cmiAbCEQ,170,180,/m/01d3sd
K6RuApC33J4,20,30,/m/01d3sd
K6ax-C7w10E,10,20,/m/01d3sd
KAItJUveVr4,30,40,/m/01d3sd
KD069bw-fk8,0,10,/m/01d3sd
KH_OSkfiJXI,70,80,/m/01d3sd
KHe4M9xQobw,110,120,/m/01d3sd
KKErVdvmIw4,30,40,/m/01d3sd
KKQZI6kxsz0,10,20,/m/01d3sd
KP8x14dIMtg,10,20,"/m/01d3sd,/m/068hy,/m/0bt9lr"
KPxTJj6CXcY,50,60,/m/01d3sd
KTw23qweHpw,10,20,"/m/01d3sd,/m/09x0r"
K_GK6PxcOYQ,0,10,"/m/01d3sd,/m/04rlf,/m/09x0r"
KbJ0wJiY5cQ,210,220,"/m/01d3sd,/m/09x0r"
KcwcBW-wWwA,20,30,"/m/01d3sd,/m/01yrx,/m/068hy,/m/0jbk"
KfsCyYHZhjM,10,20,/m/01d3sd
KgTpYqqkM14,110,120,/m/01d3sd
KjinuQ4NkyA,0,10,/m/01d3sd
KkuqkwyhaAU,20,30,/m/01d3sd
KosbOyPgkUk,40,50,"/m/01d3sd,/m/04rlf"
KqbWPfGZJWs,60,70,"/m/01d3sd,/m/01yrx,/m/068hy,/m/09x0r,/m/0jbk"
KuKedT3hTOU,130,140,"/m/01d3sd,/t/dd00125"
KuNFCISiU9E,10,20,"/m/01d3sd,/m/09x0r"
KvVR4konq4w,40,50,"/m/01d3sd,/m/09x0r,/m/0ytgt"
KyHIWhU-3ZQ,50,60,"/m/01d3sd,/m/09x0r"
KydknOkAiMo,70,80,"/m/01d3sd,/m/09x0r"
KzGHYP446Mg,30,40,/m/01d3sd
Kz_xD7-1pNA,30,40,/m/01d3sd
L3V9aCJTUZs,20,30,/m/01d3sd
L6C76okqOjQ,50,60,/m/01d3sd
L6Gzrz5ess4,50,60,/m/01d3sd
L71QGOYrpiM,60,70,/m/01d3sd
L77rpdzefmI,30,40,/m/01d3sd
LA4NIQy2qEI,70,80,"/m/01d3sd,/m/01yrx,/m/02yds9,/m/068hy,/m/0jbk"
LAc_du2vRYw,20,30,"/m/01d3sd,/m/09x0r"
LBlh3dLBwA0,20,30,/m/01d3sd
LBtKJ5e4xMs,60,70,"/m/01d3sd,/m/09x0r"
LHbtY7tLiBM,50,60,/m/01d3sd
LHl8KMgDWtw,40,50,"/m/01d3sd,/m/09x0r"
LLpLwGZYQYs,20,30,/m/01d3sd
LMYpbTRbaBk,10,20,/m/01d3sd
LNDuY7m-f2k,40,50,"/m/01d3sd,/m/09x0r"
LPBbil8cyhc,0,10,"/m/01d3sd,/m/04rlf"
LPRireI8_RE,0,10,/m/01d3sd
LRMn8ukqJ6A,60,70,/m/01d3sd
LROypNZgg30,40,50,/m/01d3sd
LVExduSNMmA,30,40,/m/01d3sd
LVsouY-7Eis,50,60,/m/01d3sd
LWHlee_5GSk,20,30,"/m/01d3sd,/m/09x0r"
LWyM0eJH5Aw,0,10,"/m/01d3sd,/m/068hy,/m/0bt9lr,/m/0jbk"
LbLjmssPKms,0,10,"/m/01d3sd,/m/068hy,/m/0bt9lr,/m/0jbk"
LboVP-kuEVw,160,170,"/m/01d3sd,/m/07cx4"
LcMZsrSN-LU,30,40,"/m/01d3sd,/m/04rlf,/m/09x0r"
LdbvKfd59ks,10,20,/m/01d3sd
Leo7Wdq3GuE,240,250,"/m/01d3sd,/m/09x0r"
LjOOqHOlJeQ,30,40,/m/01d3sd
LjTsuYAVFjU,90,100,/m/01d3sd
Lm3HsnrDehQ,130,140,/m/01d3sd
LuP1EhE8loY,50,60,/m/01d3sd
LyoUY-7rfpo,50,60,/m/01d3sd
M-rCjxGZ_Bg,20,30,"/m/01d3sd,/m/09x0r"
M-uzLjuq_yQ,40,50,"/m/01d3sd,/m/068hy,/m/0bt9lr,/m/0jbk"
M0vwoUeXfLU,30,40,"/m/01d3sd,/m/09x0r"
M11dqFcUj7g,10,20,/m/01d3sd
M2E_XRaP1kw,0,10,"/m/01d3sd,/m/04rlf,/m/09x0r"
M3VW4Ypw_3g,10,20,/m/01d3sd
M5qkHhep4_w,90,100,/m/01d3sd
M8u18Vcvojs,30,40,/m/01d3sd
M9a2wxZ98sM,20,30,/m/01d3sd
MDRJ8icmjgI,350,360,"/m/01d3sd,/m/03k3r,/m/068hy,/m/0jbk"
MEwOB0NTUfc,40,50,/m/01d3sd
MIVc2ZPYsvg,30,40,/m/01d3sd
MJTmkrvAxys,50,60,/m/01d3sd
MJe_-XmjOvQ,60,70,"/m/01d3sd,/m/07q0yl5"
MQKJAuy4LIg,260,270,"/m/01d3sd,/m/04rlf"
MSQy9jfKDos,100,110,"/m/01d3sd,/m/09x0r"
MUM_QSwoMqw,20,30,/m/01d3sd
MXBSS-aVfr0,70,80,/m/01d3sd
MXo8SrFiprs,280,290,/m/01d3sd
MXtyTkOoOiM,40,50,/m/01d3sd
MXycOXOVWBc,50,60,"/m/01d3sd,/m/04rlf,/m/09x0r"
MYKXx1j7nC0,0,10,"/m/01d3sd,/m/09x0r"
MZOHhFle-EU,340,350,/m/01d3sd
M_vZhPICa9c,10,20,"/m/01d3sd,/m/09x0r"
MaCy28VOvyI,0,10,"/m/01d3sd,/m/0bt9lr,/m/0jbk"
MaIzV2bFSvI,40,50,"/m/01d3sd,/m/09x0r"
MbynZUadYW8,30,40,"/m/01d3sd,/m/09x0r"
Mcvgo80QdlI,10,20,/m/01d3sd
Md1-IjFM90I,60,70,/m/01d3sd
MgBue8c3adM,110,120,"/m/01d3sd,/m/068hy,/m/0bt9lr,/m/0jbk"
Mik2oE7zWXY,20,30,"/m/01d3sd,/m/09x0r,/m/0ytgt"
MkEwSAVDL5U,20,30,/m/01d3sd
MmMGzFTko9E,10,20,/m/01d3sd
MmS9c2_Jnbo,20,30,"/m/01d3sd,/t/dd00125"
Mp2H3YX_RR8,50,60,"/m/01d3sd,/m/09x0r"
MpYd6SDbVEc,160,170,/m/01d3sd
MqeZ1Tksbbw,0,10,"/m/01d3sd,/m/09x0r"
MrCm0omWfB0,30,40,/m/01d3sd
MrkSa-KwHw8,0,10,"/m/01d3sd,/m/09x0r"
Msy5HTFyzpU,230,240,"/m/01d3sd,/m/09x0r"
MwMkttO36U8,0,10,"/m/01d3sd,/m/04rlf,/m/09x0r"
N1hVzSBwuQc,30,40,/m/01d3sd
NBCdr2p-vR4,430,440,/m/01d3sd
NBsx08k6-Lo,10,20,"/m/01d3sd,/m/09x0r"
NDYdbp2nE58,0,10,/m/01d3sd
NDxuB51ywlM,10,20,/m/01d3sd
NEl5aGVNWCs,10,20,/m/01d3sd
NG_wRgL4z1k,40,50,/m/01d3sd
NGrNTk7WtUg,0,10,"/m/01d3sd,/m/04rlf,/m/068hy,/m/0bt9lr,/m/0jbk"
NKscg2BOlCM,30,40,/m/01d3sd
NPD59yt5lw4,50,60,"/m/01d3sd,/m/09x0r"
NPiKR6vLSdY,0,10,"/m/015p6,/m/01d3sd,/m/09x0r"
NVtuoTheLLg,30,40,/m/01d3sd
NXz_q_0lZt8,80,90,/m/01d3sd
NYl5o6_iVxg,10,20,/m/01d3sd
N_DKwq6c_iA,40,50,"/m/01d3sd,/m/0bt9lr,/m/0jbk"
NbinuAiZzUY,30,40,/m/01d3sd
Nd_cH_EEjW4,0,10,"/m/01d3sd,/m/01yrx,/m/0jbk"
Ngm0ZuZXBPU,20,30,/m/01d3sd
NjtFs61Zy0E,40,50,/m/01d3sd
NlHjQRN4n0s,60,70,/m/01d3sd
NmICZ2PkXJU,30,40,/m/01d3sd
NohlPCwGsXQ,70,80,"/m/01d3sd,/m/03k3r,/m/09x0r,/m/0jbk"
NpXPxTjcRag,0,10,/m/01d3sd
NqwfcLcgghg,170,180,"/m/01d3sd,/m/04rlf,/m/07c52,/m/09x0r"
NrOuYN1-pEk,60,70,"/m/01d3sd,/m/09x0r"
NrpZYegaB2Y,30,40,/m/01d3sd
Nt5niDfwlC4,20,30,"/m/01d3sd,/m/068hy,/m/0bt9lr,/m/0jbk"
Nu5i9s1WVbs,50,60,/m/01d3sd
NuFodvW88fo,30,40,/m/01d3sd
NxuzionRzP0,10,20,/m/01d3sd
O2Y2vAn5juI,30,40,/m/01d3sd
O3GUz1t-HCY,50,60,/m/01d3sd
O3vi3duY3mM,40,50,/m/01d3sd
O8oc0bS5uQg,0,10,/m/01d3sd
O9jCFxhNyg8,0,10,/m/01d3sd
OA1AxlDwueA,10,20,/m/01d3sd
OAo5TIWelL0,0,10,"/m/01d3sd,/m/09x0r"
OBloRUdJEgM,60,70,/m/01d3sd
OF1xXAPFSms,50,60,/m/01d3sd
OG9OZIKzzcw,130,140,/m/01d3sd
OH75rxpizxk,20,30,/m/01d3sd
OHcrik4lqrA,100,110,"/m/01d3sd,/m/0bt9lr,/m/0jbk"
OI3Z0nb2-TA,40,50,"/m/01d3sd,/m/04rlf"
OJWPopqHSms,30,40,"/m/01d3sd,/m/04rlf"
OK35eUd2VVo,10,20,/m/01d3sd
OO80KayACjo,30,40,"/m/01d3sd,/m/09x0r"
OPOBTHNgWlU,90,100,/m/01d3sd
OUE5E1SJUfs,0,10,/m/01d3sd
OUzsj4dMlkE,70,80,/m/01d3sd
OYAjIJa6FlM,60,70,"/m/01d3sd,/m/0bt9lr"
OZGOMnuMTsw,40,50,/m/01d3sd
OaVBOjLVFi0,70,80,/m/01d3sd
OafywlXa7Tg,10,20,"/m/01d3sd,/m/09x0r"
OcwMwPyapGc,20,30,/m/01d3sd
OezjyLEMJ_U,40,50,/m/01d3sd
Of45ktMvkzQ,320,330,"/m/01d3sd,/m/0jbk"
OhhODehB2Zc,10,20,/m/01d3sd
Om9JiTx_fiw,10,20,/m/01d3sd
OoeCTFX2LnU,40,50,/m/01d3sd
OrsHnvVdUV8,70,80,/m/01d3sd
OtA_FyCE9Pc,30,40,"/m/01d3sd,/m/01yrx,/m/068hy,/m/0jbk"
Otbwrm3MYWE,30,40,"/m/01d3sd,/m/09x0r"
Ow6TtjLXUXE,30,40,/m/01d3sd
P4jCqyA9rOw,90,100,/m/01d3sd
PAYvEtQtmhM,0,10,/m/01d3sd
